data/city_names.json,6.063471794128418
data/city_names.txt,6.171074151992798
data/data.js,0.03744101524353027
